#f8f8f8#f8f8f89.jpg,0
#f8f8f8#f0f0f05.jpg,1
#f8f8f8#e8e8e88.jpg,2
#f8f8f8#e0e0e05.jpg,3
#f8f8f8#d8d8d84.jpg,4
#f8f8f8#d0d0d03.jpg,5
#f8f8f8#c8c8c85.jpg,6
#f8f8f8#c0c0c05.jpg,7
#f8f8f8#b8b8b83.jpg,8
#f8f8f8#b0b0b08.jpg,9
#f8f8f8#a8a8a88.jpg,10
#f8f8f8#a0a0a06.jpg,11
#f8f8f8#98989810.jpg,12
#f8f8f8#9090903.jpg,13
#f8f8f8#8888883.jpg,14
#f8f8f8#8080803.jpg,15
#f8f8f8#7878783.jpg,16
#f8f8f8#7070708.jpg,17
#f8f8f8#6868685.jpg,18
#f8f8f8#6060609.jpg,19
#f8f8f8#5858589.jpg,20
#f8f8f8#5050507.jpg,21
#f8f8f8#4848487.jpg,22
#f8f8f8#4040403.jpg,23
#f8f8f8#3838386.jpg,24
#f8f8f8#3030307.jpg,25
#f8f8f8#2828287.jpg,26
#f8f8f8#2020207.jpg,27
#f8f8f8#1818183.jpg,28
#f8f8f8#1010105.jpg,29
#f8f8f8#0808087.jpg,30
#f8f8f8#00000010.jpg,31
#f0f0f0#f8f8f87.jpg,1
#f0f0f0#f0f0f08.jpg,0
#f0f0f0#e8e8e86.jpg,1
#f0f0f0#e0e0e03.jpg,2
#f0f0f0#d8d8d87.jpg,3
#f0f0f0#d0d0d04.jpg,4
#f0f0f0#c8c8c86.jpg,5
#f0f0f0#c0c0c07.jpg,6
#f0f0f0#b8b8b85.jpg,7
#f0f0f0#b0b0b010.jpg,8
#f0f0f0#a8a8a84.jpg,9
#f0f0f0#a0a0a08.jpg,10
#f0f0f0#9898984.jpg,11
#f0f0f0#9090905.jpg,12
#f0f0f0#8888888.jpg,13
#f0f0f0#8080806.jpg,14
#f0f0f0#7878786.jpg,15
#f0f0f0#7070703.jpg,16
#f0f0f0#6868689.jpg,17
#f0f0f0#6060605.jpg,18
#f0f0f0#5858588.jpg,19
#f0f0f0#5050503.jpg,20
#f0f0f0#4848485.jpg,21
#f0f0f0#4040405.jpg,22
#f0f0f0#3838388.jpg,23
#f0f0f0#3030309.jpg,24
#f0f0f0#2828289.jpg,25
#f0f0f0#20202010.jpg,26
#f0f0f0#1818186.jpg,27
#f0f0f0#10101010.jpg,28
#f0f0f0#0808084.jpg,29
#f0f0f0#0000006.jpg,30
#e8e8e8#f8f8f85.jpg,2
#e8e8e8#f0f0f08.jpg,1
#e8e8e8#e8e8e86.jpg,0
#e8e8e8#e0e0e05.jpg,1
#e8e8e8#d8d8d83.jpg,2
#e8e8e8#d0d0d03.jpg,3
#e8e8e8#c8c8c88.jpg,4
#e8e8e8#c0c0c09.jpg,5
#e8e8e8#b8b8b83.jpg,6
#e8e8e8#b0b0b08.jpg,7
#e8e8e8#a8a8a85.jpg,8
#e8e8e8#a0a0a06.jpg,9
#e8e8e8#9898989.jpg,10
#e8e8e8#9090908.jpg,11
#e8e8e8#88888810.jpg,12
#e8e8e8#8080804.jpg,13
#e8e8e8#7878786.jpg,14
#e8e8e8#7070705.jpg,15
#e8e8e8#6868688.jpg,16
#e8e8e8#6060608.jpg,17
#e8e8e8#5858586.jpg,18
#e8e8e8#5050505.jpg,19
#e8e8e8#4848486.jpg,20
#e8e8e8#4040406.jpg,21
#e8e8e8#3838383.jpg,22
#e8e8e8#3030309.jpg,23
#e8e8e8#2828288.jpg,24
#e8e8e8#20202010.jpg,25
#e8e8e8#1818185.jpg,26
#e8e8e8#1010109.jpg,27
#e8e8e8#0808086.jpg,28
#e8e8e8#00000010.jpg,29
#e0e0e0#f8f8f87.jpg,3
#e0e0e0#f0f0f03.jpg,2
#e0e0e0#e8e8e87.jpg,1
#e0e0e0#e0e0e06.jpg,0
#e0e0e0#d8d8d87.jpg,1
#e0e0e0#d0d0d06.jpg,2
#e0e0e0#c8c8c85.jpg,3
#e0e0e0#c0c0c07.jpg,4
#e0e0e0#b8b8b810.jpg,5
#e0e0e0#b0b0b08.jpg,6
#e0e0e0#a8a8a85.jpg,7
#e0e0e0#a0a0a08.jpg,8
#e0e0e0#9898987.jpg,9
#e0e0e0#9090903.jpg,10
#e0e0e0#8888886.jpg,11
#e0e0e0#8080809.jpg,12
#e0e0e0#7878789.jpg,13
#e0e0e0#7070703.jpg,14
#e0e0e0#6868688.jpg,15
#e0e0e0#6060607.jpg,16
#e0e0e0#5858588.jpg,17
#e0e0e0#5050507.jpg,18
#e0e0e0#48484810.jpg,19
#e0e0e0#4040406.jpg,20
#e0e0e0#3838384.jpg,21
#e0e0e0#3030308.jpg,22
#e0e0e0#2828287.jpg,23
#e0e0e0#20202010.jpg,24
#e0e0e0#1818183.jpg,25
#e0e0e0#1010104.jpg,26
#e0e0e0#0808085.jpg,27
#e0e0e0#0000007.jpg,28
#d8d8d8#f8f8f810.jpg,4
#d8d8d8#f0f0f05.jpg,3
#d8d8d8#e8e8e810.jpg,2
#d8d8d8#e0e0e09.jpg,1
#d8d8d8#d8d8d84.jpg,0
#d8d8d8#d0d0d07.jpg,1
#d8d8d8#c8c8c84.jpg,2
#d8d8d8#c0c0c010.jpg,3
#d8d8d8#b8b8b87.jpg,4
#d8d8d8#b0b0b04.jpg,5
#d8d8d8#a8a8a85.jpg,6
#d8d8d8#a0a0a010.jpg,7
#d8d8d8#9898983.jpg,8
#d8d8d8#90909010.jpg,9
#d8d8d8#8888889.jpg,10
#d8d8d8#8080809.jpg,11
#d8d8d8#7878788.jpg,12
#d8d8d8#7070704.jpg,13
#d8d8d8#6868689.jpg,14
#d8d8d8#60606010.jpg,15
#d8d8d8#5858586.jpg,16
#d8d8d8#50505010.jpg,17
#d8d8d8#4848488.jpg,18
#d8d8d8#4040406.jpg,19
#d8d8d8#3838384.jpg,20
#d8d8d8#3030307.jpg,21
#d8d8d8#2828285.jpg,22
#d8d8d8#20202010.jpg,23
#d8d8d8#1818184.jpg,24
#d8d8d8#10101010.jpg,25
#d8d8d8#0808085.jpg,26
#d8d8d8#0000007.jpg,27
#d0d0d0#f8f8f89.jpg,5
#d0d0d0#f0f0f04.jpg,4
#d0d0d0#e8e8e810.jpg,3
#d0d0d0#e0e0e04.jpg,2
#d0d0d0#d8d8d85.jpg,1
#d0d0d0#d0d0d06.jpg,0
#d0d0d0#c8c8c83.jpg,1
#d0d0d0#c0c0c010.jpg,2
#d0d0d0#b8b8b810.jpg,3
#d0d0d0#b0b0b09.jpg,4
#d0d0d0#a8a8a88.jpg,5
#d0d0d0#a0a0a04.jpg,6
#d0d0d0#9898983.jpg,7
#d0d0d0#9090903.jpg,8
#d0d0d0#8888889.jpg,9
#d0d0d0#8080807.jpg,10
#d0d0d0#7878788.jpg,11
#d0d0d0#70707010.jpg,12
#d0d0d0#6868683.jpg,13
#d0d0d0#60606010.jpg,14
#d0d0d0#5858589.jpg,15
#d0d0d0#5050504.jpg,16
#d0d0d0#4848488.jpg,17
#d0d0d0#4040408.jpg,18
#d0d0d0#3838387.jpg,19
#d0d0d0#30303010.jpg,20
#d0d0d0#2828288.jpg,21
#d0d0d0#2020209.jpg,22
#d0d0d0#1818188.jpg,23
#d0d0d0#10101010.jpg,24
#d0d0d0#0808087.jpg,25
#d0d0d0#0000009.jpg,26
#c8c8c8#f8f8f89.jpg,6
#c8c8c8#f0f0f07.jpg,5
#c8c8c8#e8e8e85.jpg,4
#c8c8c8#e0e0e010.jpg,3
#c8c8c8#d8d8d87.jpg,2
#c8c8c8#d0d0d09.jpg,1
#c8c8c8#c8c8c810.jpg,0
#c8c8c8#c0c0c03.jpg,1
#c8c8c8#b8b8b87.jpg,2
#c8c8c8#b0b0b05.jpg,3
#c8c8c8#a8a8a87.jpg,4
#c8c8c8#a0a0a08.jpg,5
#c8c8c8#9898985.jpg,6
#c8c8c8#9090906.jpg,7
#c8c8c8#88888810.jpg,8
#c8c8c8#8080806.jpg,9
#c8c8c8#7878788.jpg,10
#c8c8c8#7070706.jpg,11
#c8c8c8#6868684.jpg,12
#c8c8c8#60606010.jpg,13
#c8c8c8#5858587.jpg,14
#c8c8c8#5050508.jpg,15
#c8c8c8#4848488.jpg,16
#c8c8c8#4040405.jpg,17
#c8c8c8#3838388.jpg,18
#c8c8c8#3030306.jpg,19
#c8c8c8#2828284.jpg,20
#c8c8c8#20202010.jpg,21
#c8c8c8#1818183.jpg,22
#c8c8c8#1010105.jpg,23
#c8c8c8#0808088.jpg,24
#c8c8c8#0000005.jpg,25
#c0c0c0#f8f8f84.jpg,7
#c0c0c0#f0f0f04.jpg,6
#c0c0c0#e8e8e83.jpg,5
#c0c0c0#e0e0e07.jpg,4
#c0c0c0#d8d8d88.jpg,3
#c0c0c0#d0d0d07.jpg,2
#c0c0c0#c8c8c86.jpg,1
#c0c0c0#c0c0c04.jpg,0
#c0c0c0#b8b8b89.jpg,1
#c0c0c0#b0b0b08.jpg,2
#c0c0c0#a8a8a87.jpg,3
#c0c0c0#a0a0a08.jpg,4
#c0c0c0#9898988.jpg,5
#c0c0c0#9090907.jpg,6
#c0c0c0#8888885.jpg,7
#c0c0c0#8080807.jpg,8
#c0c0c0#7878788.jpg,9
#c0c0c0#7070705.jpg,10
#c0c0c0#6868687.jpg,11
#c0c0c0#6060605.jpg,12
#c0c0c0#5858587.jpg,13
#c0c0c0#5050509.jpg,14
#c0c0c0#4848487.jpg,15
#c0c0c0#4040409.jpg,16
#c0c0c0#3838383.jpg,17
#c0c0c0#30303010.jpg,18
#c0c0c0#2828284.jpg,19
#c0c0c0#2020203.jpg,20
#c0c0c0#1818186.jpg,21
#c0c0c0#1010105.jpg,22
#c0c0c0#0808088.jpg,23
#c0c0c0#0000003.jpg,24
#b8b8b8#f8f8f84.jpg,8
#b8b8b8#f0f0f06.jpg,7
#b8b8b8#e8e8e83.jpg,6
#b8b8b8#e0e0e03.jpg,5
#b8b8b8#d8d8d86.jpg,4
#b8b8b8#d0d0d05.jpg,3
#b8b8b8#c8c8c85.jpg,2
#b8b8b8#c0c0c04.jpg,1
#b8b8b8#b8b8b84.jpg,0
#b8b8b8#b0b0b010.jpg,1
#b8b8b8#a8a8a84.jpg,2
#b8b8b8#a0a0a03.jpg,3
#b8b8b8#9898987.jpg,4
#b8b8b8#90909010.jpg,5
#b8b8b8#8888885.jpg,6
#b8b8b8#8080804.jpg,7
#b8b8b8#7878788.jpg,8
#b8b8b8#70707010.jpg,9
#b8b8b8#6868688.jpg,10
#b8b8b8#6060607.jpg,11
#b8b8b8#5858585.jpg,12
#b8b8b8#5050505.jpg,13
#b8b8b8#4848486.jpg,14
#b8b8b8#4040403.jpg,15
#b8b8b8#3838389.jpg,16
#b8b8b8#3030305.jpg,17
#b8b8b8#2828286.jpg,18
#b8b8b8#2020206.jpg,19
#b8b8b8#1818187.jpg,20
#b8b8b8#1010106.jpg,21
#b8b8b8#0808086.jpg,22
#b8b8b8#0000004.jpg,23
#b0b0b0#f8f8f83.jpg,9
#b0b0b0#f0f0f06.jpg,8
#b0b0b0#e8e8e85.jpg,7
#b0b0b0#e0e0e09.jpg,6
#b0b0b0#d8d8d84.jpg,5
#b0b0b0#d0d0d06.jpg,4
#b0b0b0#c8c8c87.jpg,3
#b0b0b0#c0c0c010.jpg,2
#b0b0b0#b8b8b84.jpg,1
#b0b0b0#b0b0b04.jpg,0
#b0b0b0#a8a8a84.jpg,1
#b0b0b0#a0a0a09.jpg,2
#b0b0b0#9898988.jpg,3
#b0b0b0#9090904.jpg,4
#b0b0b0#8888889.jpg,5
#b0b0b0#80808010.jpg,6
#b0b0b0#7878788.jpg,7
#b0b0b0#7070703.jpg,8
#b0b0b0#6868686.jpg,9
#b0b0b0#6060605.jpg,10
#b0b0b0#5858587.jpg,11
#b0b0b0#5050505.jpg,12
#b0b0b0#4848488.jpg,13
#b0b0b0#4040405.jpg,14
#b0b0b0#3838386.jpg,15
#b0b0b0#3030303.jpg,16
#b0b0b0#2828285.jpg,17
#b0b0b0#2020203.jpg,18
#b0b0b0#1818187.jpg,19
#b0b0b0#1010104.jpg,20
#b0b0b0#0808083.jpg,21
#b0b0b0#0000006.jpg,22
#a8a8a8#f8f8f88.jpg,10
#a8a8a8#f0f0f07.jpg,9
#a8a8a8#e8e8e84.jpg,8
#a8a8a8#e0e0e08.jpg,7
#a8a8a8#d8d8d86.jpg,6
#a8a8a8#d0d0d03.jpg,5
#a8a8a8#c8c8c84.jpg,4
#a8a8a8#c0c0c07.jpg,3
#a8a8a8#b8b8b810.jpg,2
#a8a8a8#b0b0b05.jpg,1
#a8a8a8#a8a8a89.jpg,0
#a8a8a8#a0a0a07.jpg,1
#a8a8a8#9898989.jpg,2
#a8a8a8#9090905.jpg,3
#a8a8a8#8888884.jpg,4
#a8a8a8#8080804.jpg,5
#a8a8a8#78787810.jpg,6
#a8a8a8#7070708.jpg,7
#a8a8a8#6868686.jpg,8
#a8a8a8#6060604.jpg,9
#a8a8a8#5858589.jpg,10
#a8a8a8#5050509.jpg,11
#a8a8a8#4848485.jpg,12
#a8a8a8#40404010.jpg,13
#a8a8a8#3838388.jpg,14
#a8a8a8#3030303.jpg,15
#a8a8a8#2828288.jpg,16
#a8a8a8#20202010.jpg,17
#a8a8a8#1818188.jpg,18
#a8a8a8#1010106.jpg,19
#a8a8a8#0808086.jpg,20
#a8a8a8#0000009.jpg,21
#a0a0a0#f8f8f85.jpg,11
#a0a0a0#f0f0f04.jpg,10
#a0a0a0#e8e8e84.jpg,9
#a0a0a0#e0e0e03.jpg,8
#a0a0a0#d8d8d84.jpg,7
#a0a0a0#d0d0d07.jpg,6
#a0a0a0#c8c8c85.jpg,5
#a0a0a0#c0c0c08.jpg,4
#a0a0a0#b8b8b84.jpg,3
#a0a0a0#b0b0b05.jpg,2
#a0a0a0#a8a8a88.jpg,1
#a0a0a0#a0a0a09.jpg,0
#a0a0a0#9898988.jpg,1
#a0a0a0#9090903.jpg,2
#a0a0a0#8888887.jpg,3
#a0a0a0#8080804.jpg,4
#a0a0a0#7878785.jpg,5
#a0a0a0#7070707.jpg,6
#a0a0a0#6868685.jpg,7
#a0a0a0#6060607.jpg,8
#a0a0a0#5858587.jpg,9
#a0a0a0#5050506.jpg,10
#a0a0a0#4848486.jpg,11
#a0a0a0#4040404.jpg,12
#a0a0a0#3838389.jpg,13
#a0a0a0#3030306.jpg,14
#a0a0a0#2828288.jpg,15
#a0a0a0#2020209.jpg,16
#a0a0a0#1818186.jpg,17
#a0a0a0#1010105.jpg,18
#a0a0a0#0808083.jpg,19
#a0a0a0#0000007.jpg,20
#989898#f8f8f87.jpg,12
#989898#f0f0f09.jpg,11
#989898#e8e8e84.jpg,10
#989898#e0e0e05.jpg,9
#989898#d8d8d84.jpg,8
#989898#d0d0d010.jpg,7
#989898#c8c8c85.jpg,6
#989898#c0c0c09.jpg,5
#989898#b8b8b89.jpg,4
#989898#b0b0b05.jpg,3
#989898#a8a8a810.jpg,2
#989898#a0a0a010.jpg,1
#989898#9898989.jpg,0
#989898#9090908.jpg,1
#989898#8888888.jpg,2
#989898#8080808.jpg,3
#989898#78787810.jpg,4
#989898#7070703.jpg,5
#989898#6868689.jpg,6
#989898#6060609.jpg,7
#989898#5858586.jpg,8
#989898#5050507.jpg,9
#989898#48484810.jpg,10
#989898#4040408.jpg,11
#989898#3838389.jpg,12
#989898#3030308.jpg,13
#989898#2828286.jpg,14
#989898#2020207.jpg,15
#989898#1818183.jpg,16
#989898#1010104.jpg,17
#989898#0808086.jpg,18
#989898#0000003.jpg,19
#909090#f8f8f86.jpg,13
#909090#f0f0f09.jpg,12
#909090#e8e8e810.jpg,11
#909090#e0e0e06.jpg,10
#909090#d8d8d84.jpg,9
#909090#d0d0d07.jpg,8
#909090#c8c8c89.jpg,7
#909090#c0c0c09.jpg,6
#909090#b8b8b83.jpg,5
#909090#b0b0b010.jpg,4
#909090#a8a8a84.jpg,3
#909090#a0a0a09.jpg,2
#909090#9898987.jpg,1
#909090#9090905.jpg,0
#909090#8888888.jpg,1
#909090#8080806.jpg,2
#909090#7878788.jpg,3
#909090#7070709.jpg,4
#909090#6868686.jpg,5
#909090#6060607.jpg,6
#909090#58585810.jpg,7
#909090#5050504.jpg,8
#909090#4848487.jpg,9
#909090#4040405.jpg,10
#909090#3838388.jpg,11
#909090#3030309.jpg,12
#909090#28282810.jpg,13
#909090#2020203.jpg,14
#909090#1818183.jpg,15
#909090#1010108.jpg,16
#909090#08080810.jpg,17
#909090#0000005.jpg,18
#888888#f8f8f83.jpg,14
#888888#f0f0f07.jpg,13
#888888#e8e8e88.jpg,12
#888888#e0e0e05.jpg,11
#888888#d8d8d89.jpg,10
#888888#d0d0d06.jpg,9
#888888#c8c8c89.jpg,8
#888888#c0c0c04.jpg,7
#888888#b8b8b86.jpg,6
#888888#b0b0b03.jpg,5
#888888#a8a8a83.jpg,4
#888888#a0a0a09.jpg,3
#888888#9898984.jpg,2
#888888#9090905.jpg,1
#888888#88888810.jpg,0
#888888#80808010.jpg,1
#888888#78787810.jpg,2
#888888#7070705.jpg,3
#888888#6868684.jpg,4
#888888#6060609.jpg,5
#888888#58585810.jpg,6
#888888#5050505.jpg,7
#888888#48484810.jpg,8
#888888#4040409.jpg,9
#888888#3838383.jpg,10
#888888#3030303.jpg,11
#888888#2828289.jpg,12
#888888#20202010.jpg,13
#888888#1818185.jpg,14
#888888#1010103.jpg,15
#888888#0808083.jpg,16
#888888#0000008.jpg,17
#808080#f8f8f84.jpg,15
#808080#f0f0f04.jpg,14
#808080#e8e8e810.jpg,13
#808080#e0e0e05.jpg,12
#808080#d8d8d810.jpg,11
#808080#d0d0d07.jpg,10
#808080#c8c8c88.jpg,9
#808080#c0c0c09.jpg,8
#808080#b8b8b88.jpg,7
#808080#b0b0b08.jpg,6
#808080#a8a8a88.jpg,5
#808080#a0a0a05.jpg,4
#808080#9898988.jpg,3
#808080#9090907.jpg,2
#808080#8888889.jpg,1
#808080#80808010.jpg,0
#808080#7878789.jpg,1
#808080#7070703.jpg,2
#808080#6868688.jpg,3
#808080#6060608.jpg,4
#808080#5858586.jpg,5
#808080#5050507.jpg,6
#808080#4848483.jpg,7
#808080#4040409.jpg,8
#808080#3838384.jpg,9
#808080#3030303.jpg,10
#808080#2828286.jpg,11
#808080#2020206.jpg,12
#808080#1818189.jpg,13
#808080#1010107.jpg,14
#808080#0808086.jpg,15
#808080#0000009.jpg,16
#787878#f8f8f84.jpg,16
#787878#f0f0f03.jpg,15
#787878#e8e8e86.jpg,14
#787878#e0e0e09.jpg,13
#787878#d8d8d86.jpg,12
#787878#d0d0d010.jpg,11
#787878#c8c8c85.jpg,10
#787878#c0c0c04.jpg,9
#787878#b8b8b89.jpg,8
#787878#b0b0b09.jpg,7
#787878#a8a8a83.jpg,6
#787878#a0a0a06.jpg,5
#787878#9898987.jpg,4
#787878#9090907.jpg,3
#787878#8888886.jpg,2
#787878#8080806.jpg,1
#787878#7878786.jpg,0
#787878#7070704.jpg,1
#787878#6868683.jpg,2
#787878#6060606.jpg,3
#787878#5858584.jpg,4
#787878#5050509.jpg,5
#787878#48484810.jpg,6
#787878#4040403.jpg,7
#787878#3838384.jpg,8
#787878#3030303.jpg,9
#787878#2828289.jpg,10
#787878#2020209.jpg,11
#787878#1818189.jpg,12
#787878#1010105.jpg,13
#787878#0808085.jpg,14
#787878#0000004.jpg,15
#707070#f8f8f88.jpg,17
#707070#f0f0f05.jpg,16
#707070#e8e8e84.jpg,15
#707070#e0e0e07.jpg,14
#707070#d8d8d810.jpg,13
#707070#d0d0d09.jpg,12
#707070#c8c8c89.jpg,11
#707070#c0c0c09.jpg,10
#707070#b8b8b85.jpg,9
#707070#b0b0b05.jpg,8
#707070#a8a8a810.jpg,7
#707070#a0a0a03.jpg,6
#707070#9898986.jpg,5
#707070#9090904.jpg,4
#707070#88888810.jpg,3
#707070#8080804.jpg,2
#707070#7878784.jpg,1
#707070#7070705.jpg,0
#707070#6868687.jpg,1
#707070#6060604.jpg,2
#707070#5858583.jpg,3
#707070#5050503.jpg,4
#707070#4848484.jpg,5
#707070#4040407.jpg,6
#707070#3838386.jpg,7
#707070#3030307.jpg,8
#707070#2828287.jpg,9
#707070#2020208.jpg,10
#707070#1818186.jpg,11
#707070#1010109.jpg,12
#707070#0808089.jpg,13
#707070#0000006.jpg,14
#686868#f8f8f86.jpg,18
#686868#f0f0f07.jpg,17
#686868#e8e8e84.jpg,16
#686868#e0e0e06.jpg,15
#686868#d8d8d89.jpg,14
#686868#d0d0d08.jpg,13
#686868#c8c8c87.jpg,12
#686868#c0c0c09.jpg,11
#686868#b8b8b89.jpg,10
#686868#b0b0b08.jpg,9
#686868#a8a8a86.jpg,8
#686868#a0a0a03.jpg,7
#686868#9898989.jpg,6
#686868#9090905.jpg,5
#686868#8888884.jpg,4
#686868#80808010.jpg,3
#686868#7878786.jpg,2
#686868#7070703.jpg,1
#686868#6868684.jpg,0
#686868#6060604.jpg,1
#686868#5858587.jpg,2
#686868#5050509.jpg,3
#686868#4848486.jpg,4
#686868#4040405.jpg,5
#686868#38383810.jpg,6
#686868#3030308.jpg,7
#686868#2828287.jpg,8
#686868#2020209.jpg,9
#686868#18181810.jpg,10
#686868#1010106.jpg,11
#686868#0808085.jpg,12
#686868#0000009.jpg,13
#606060#f8f8f87.jpg,19
#606060#f0f0f04.jpg,18
#606060#e8e8e83.jpg,17
#606060#e0e0e08.jpg,16
#606060#d8d8d89.jpg,15
#606060#d0d0d08.jpg,14
#606060#c8c8c84.jpg,13
#606060#c0c0c07.jpg,12
#606060#b8b8b83.jpg,11
#606060#b0b0b010.jpg,10
#606060#a8a8a86.jpg,9
#606060#a0a0a09.jpg,8
#606060#9898986.jpg,7
#606060#9090907.jpg,6
#606060#8888883.jpg,5
#606060#8080806.jpg,4
#606060#7878783.jpg,3
#606060#7070709.jpg,2
#606060#6868688.jpg,1
#606060#60606010.jpg,0
#606060#5858589.jpg,1
#606060#5050503.jpg,2
#606060#4848489.jpg,3
#606060#4040405.jpg,4
#606060#3838388.jpg,5
#606060#3030308.jpg,6
#606060#2828286.jpg,7
#606060#2020205.jpg,8
#606060#1818186.jpg,9
#606060#1010104.jpg,10
#606060#0808084.jpg,11
#606060#0000004.jpg,12
#585858#f8f8f88.jpg,20
#585858#f0f0f09.jpg,19
#585858#e8e8e87.jpg,18
#585858#e0e0e04.jpg,17
#585858#d8d8d810.jpg,16
#585858#d0d0d010.jpg,15
#585858#c8c8c83.jpg,14
#585858#c0c0c09.jpg,13
#585858#b8b8b88.jpg,12
#585858#b0b0b09.jpg,11
#585858#a8a8a86.jpg,10
#585858#a0a0a05.jpg,9
#585858#98989810.jpg,8
#585858#9090905.jpg,7
#585858#8888883.jpg,6
#585858#8080808.jpg,5
#585858#7878789.jpg,4
#585858#7070709.jpg,3
#585858#6868689.jpg,2
#585858#6060607.jpg,1
#585858#5858585.jpg,0
#585858#50505010.jpg,1
#585858#4848483.jpg,2
#585858#4040409.jpg,3
#585858#38383810.jpg,4
#585858#3030304.jpg,5
#585858#2828289.jpg,6
#585858#2020203.jpg,7
#585858#1818184.jpg,8
#585858#1010103.jpg,9
#585858#0808085.jpg,10
#585858#0000006.jpg,11
#505050#f8f8f84.jpg,21
#505050#f0f0f04.jpg,20
#505050#e8e8e810.jpg,19
#505050#e0e0e05.jpg,18
#505050#d8d8d88.jpg,17
#505050#d0d0d07.jpg,16
#505050#c8c8c89.jpg,15
#505050#c0c0c09.jpg,14
#505050#b8b8b87.jpg,13
#505050#b0b0b06.jpg,12
#505050#a8a8a85.jpg,11
#505050#a0a0a05.jpg,10
#505050#9898984.jpg,9
#505050#9090904.jpg,8
#505050#8888885.jpg,7
#505050#8080803.jpg,6
#505050#7878789.jpg,5
#505050#7070708.jpg,4
#505050#6868689.jpg,3
#505050#6060605.jpg,2
#505050#5858585.jpg,1
#505050#5050507.jpg,0
#505050#4848486.jpg,1
#505050#4040405.jpg,2
#505050#3838384.jpg,3
#505050#3030306.jpg,4
#505050#2828286.jpg,5
#505050#2020204.jpg,6
#505050#1818186.jpg,7
#505050#1010104.jpg,8
#505050#0808087.jpg,9
#505050#0000009.jpg,10
#484848#f8f8f89.jpg,22
#484848#f0f0f09.jpg,21
#484848#e8e8e86.jpg,20
#484848#e0e0e03.jpg,19
#484848#d8d8d84.jpg,18
#484848#d0d0d07.jpg,17
#484848#c8c8c84.jpg,16
#484848#c0c0c05.jpg,15
#484848#b8b8b810.jpg,14
#484848#b0b0b09.jpg,13
#484848#a8a8a87.jpg,12
#484848#a0a0a07.jpg,11
#484848#98989810.jpg,10
#484848#9090904.jpg,9
#484848#88888810.jpg,8
#484848#8080808.jpg,7
#484848#7878788.jpg,6
#484848#7070705.jpg,5
#484848#6868687.jpg,4
#484848#6060605.jpg,3
#484848#58585810.jpg,2
#484848#5050505.jpg,1
#484848#4848488.jpg,0
#484848#4040404.jpg,1
#484848#3838389.jpg,2
#484848#3030306.jpg,3
#484848#2828288.jpg,4
#484848#20202010.jpg,5
#484848#1818189.jpg,6
#484848#1010109.jpg,7
#484848#0808084.jpg,8
#484848#0000009.jpg,9
#404040#f8f8f89.jpg,23
#404040#f0f0f08.jpg,22
#404040#e8e8e87.jpg,21
#404040#e0e0e08.jpg,20
#404040#d8d8d85.jpg,19
#404040#d0d0d09.jpg,18
#404040#c8c8c87.jpg,17
#404040#c0c0c010.jpg,16
#404040#b8b8b84.jpg,15
#404040#b0b0b03.jpg,14
#404040#a8a8a810.jpg,13
#404040#a0a0a010.jpg,12
#404040#9898985.jpg,11
#404040#9090903.jpg,10
#404040#8888886.jpg,9
#404040#8080803.jpg,8
#404040#7878786.jpg,7
#404040#7070707.jpg,6
#404040#6868688.jpg,5
#404040#6060605.jpg,4
#404040#5858588.jpg,3
#404040#5050503.jpg,2
#404040#4848489.jpg,1
#404040#4040405.jpg,0
#404040#3838384.jpg,1
#404040#3030306.jpg,2
#404040#2828287.jpg,3
#404040#2020206.jpg,4
#404040#1818186.jpg,5
#404040#1010108.jpg,6
#404040#08080810.jpg,7
#404040#0000003.jpg,8
#383838#f8f8f83.jpg,24
#383838#f0f0f08.jpg,23
#383838#e8e8e86.jpg,22
#383838#e0e0e08.jpg,21
#383838#d8d8d810.jpg,20
#383838#d0d0d04.jpg,19
#383838#c8c8c88.jpg,18
#383838#c0c0c07.jpg,17
#383838#b8b8b87.jpg,16
#383838#b0b0b05.jpg,15
#383838#a8a8a83.jpg,14
#383838#a0a0a010.jpg,13
#383838#9898985.jpg,12
#383838#9090903.jpg,11
#383838#8888884.jpg,10
#383838#8080803.jpg,9
#383838#7878789.jpg,8
#383838#7070707.jpg,7
#383838#6868683.jpg,6
#383838#6060606.jpg,5
#383838#5858583.jpg,4
#383838#50505010.jpg,3
#383838#4848489.jpg,2
#383838#4040405.jpg,1
#383838#3838389.jpg,0
#383838#3030308.jpg,1
#383838#2828289.jpg,2
#383838#2020207.jpg,3
#383838#1818183.jpg,4
#383838#1010107.jpg,5
#383838#0808084.jpg,6
#383838#00000010.jpg,7
#303030#f8f8f85.jpg,25
#303030#f0f0f06.jpg,24
#303030#e8e8e86.jpg,23
#303030#e0e0e06.jpg,22
#303030#d8d8d83.jpg,21
#303030#d0d0d06.jpg,20
#303030#c8c8c810.jpg,19
#303030#c0c0c07.jpg,18
#303030#b8b8b87.jpg,17
#303030#b0b0b04.jpg,16
#303030#a8a8a87.jpg,15
#303030#a0a0a07.jpg,14
#303030#98989810.jpg,13
#303030#9090905.jpg,12
#303030#8888886.jpg,11
#303030#8080803.jpg,10
#303030#7878787.jpg,9
#303030#7070703.jpg,8
#303030#6868687.jpg,7
#303030#6060608.jpg,6
#303030#5858589.jpg,5
#303030#5050507.jpg,4
#303030#4848489.jpg,3
#303030#4040404.jpg,2
#303030#3838388.jpg,1
#303030#3030304.jpg,0
#303030#2828288.jpg,1
#303030#2020209.jpg,2
#303030#1818187.jpg,3
#303030#1010104.jpg,4
#303030#0808083.jpg,5
#303030#0000004.jpg,6
#282828#f8f8f84.jpg,26
#282828#f0f0f010.jpg,25
#282828#e8e8e83.jpg,24
#282828#e0e0e09.jpg,23
#282828#d8d8d810.jpg,22
#282828#d0d0d07.jpg,21
#282828#c8c8c86.jpg,20
#282828#c0c0c06.jpg,19
#282828#b8b8b810.jpg,18
#282828#b0b0b05.jpg,17
#282828#a8a8a89.jpg,16
#282828#a0a0a04.jpg,15
#282828#98989810.jpg,14
#282828#9090907.jpg,13
#282828#8888885.jpg,12
#282828#8080804.jpg,11
#282828#7878785.jpg,10
#282828#7070708.jpg,9
#282828#6868683.jpg,8
#282828#6060609.jpg,7
#282828#5858585.jpg,6
#282828#5050509.jpg,5
#282828#4848486.jpg,4
#282828#4040408.jpg,3
#282828#3838384.jpg,2
#282828#3030308.jpg,1
#282828#2828288.jpg,0
#282828#20202010.jpg,1
#282828#18181810.jpg,2
#282828#1010103.jpg,3
#282828#0808086.jpg,4
#282828#0000005.jpg,5
#202020#f8f8f89.jpg,27
#202020#f0f0f07.jpg,26
#202020#e8e8e84.jpg,25
#202020#e0e0e09.jpg,24
#202020#d8d8d87.jpg,23
#202020#d0d0d03.jpg,22
#202020#c8c8c89.jpg,21
#202020#c0c0c04.jpg,20
#202020#b8b8b86.jpg,19
#202020#b0b0b03.jpg,18
#202020#a8a8a84.jpg,17
#202020#a0a0a03.jpg,16
#202020#9898987.jpg,15
#202020#9090909.jpg,14
#202020#8888887.jpg,13
#202020#8080804.jpg,12
#202020#7878786.jpg,11
#202020#7070707.jpg,10
#202020#6868686.jpg,9
#202020#6060608.jpg,8
#202020#5858586.jpg,7
#202020#5050508.jpg,6
#202020#4848487.jpg,5
#202020#4040404.jpg,4
#202020#3838388.jpg,3
#202020#3030304.jpg,2
#202020#2828286.jpg,1
#202020#2020206.jpg,0
#202020#1818183.jpg,1
#202020#10101010.jpg,2
#202020#0808086.jpg,3
#202020#0000003.jpg,4
#181818#f8f8f88.jpg,28
#181818#f0f0f07.jpg,27
#181818#e8e8e88.jpg,26
#181818#e0e0e06.jpg,25
#181818#d8d8d85.jpg,24
#181818#d0d0d09.jpg,23
#181818#c8c8c83.jpg,22
#181818#c0c0c010.jpg,21
#181818#b8b8b89.jpg,20
#181818#b0b0b05.jpg,19
#181818#a8a8a86.jpg,18
#181818#a0a0a08.jpg,17
#181818#9898986.jpg,16
#181818#9090909.jpg,15
#181818#8888887.jpg,14
#181818#8080806.jpg,13
#181818#7878785.jpg,12
#181818#7070705.jpg,11
#181818#6868687.jpg,10
#181818#6060605.jpg,9
#181818#58585810.jpg,8
#181818#5050509.jpg,7
#181818#4848487.jpg,6
#181818#4040405.jpg,5
#181818#3838384.jpg,4
#181818#3030307.jpg,3
#181818#28282810.jpg,2
#181818#2020206.jpg,1
#181818#1818185.jpg,0
#181818#1010107.jpg,1
#181818#0808086.jpg,2
#181818#0000005.jpg,3
#101010#f8f8f86.jpg,29
#101010#f0f0f010.jpg,28
#101010#e8e8e810.jpg,27
#101010#e0e0e06.jpg,26
#101010#d8d8d87.jpg,25
#101010#d0d0d07.jpg,24
#101010#c8c8c85.jpg,23
#101010#c0c0c08.jpg,22
#101010#b8b8b86.jpg,21
#101010#b0b0b04.jpg,20
#101010#a8a8a88.jpg,19
#101010#a0a0a010.jpg,18
#101010#9898989.jpg,17
#101010#9090904.jpg,16
#101010#8888884.jpg,15
#101010#8080806.jpg,14
#101010#7878785.jpg,13
#101010#7070705.jpg,12
#101010#6868688.jpg,11
#101010#6060607.jpg,10
#101010#5858588.jpg,9
#101010#5050508.jpg,8
#101010#4848486.jpg,7
#101010#4040404.jpg,6
#101010#3838386.jpg,5
#101010#3030303.jpg,4
#101010#28282810.jpg,3
#101010#2020209.jpg,2
#101010#1818189.jpg,1
#101010#1010109.jpg,0
#101010#0808083.jpg,1
#101010#0000008.jpg,2
#080808#f8f8f86.jpg,30
#080808#f0f0f03.jpg,29
#080808#e8e8e810.jpg,28
#080808#e0e0e07.jpg,27
#080808#d8d8d87.jpg,26
#080808#d0d0d08.jpg,25
#080808#c8c8c89.jpg,24
#080808#c0c0c010.jpg,23
#080808#b8b8b86.jpg,22
#080808#b0b0b09.jpg,21
#080808#a8a8a85.jpg,20
#080808#a0a0a05.jpg,19
#080808#9898987.jpg,18
#080808#90909010.jpg,17
#080808#8888884.jpg,16
#080808#8080809.jpg,15
#080808#7878784.jpg,14
#080808#70707010.jpg,13
#080808#6868683.jpg,12
#080808#6060605.jpg,11
#080808#5858585.jpg,10
#080808#5050503.jpg,9
#080808#48484810.jpg,8
#080808#4040405.jpg,7
#080808#3838383.jpg,6
#080808#30303010.jpg,5
#080808#28282810.jpg,4
#080808#2020209.jpg,3
#080808#1818185.jpg,2
#080808#1010107.jpg,1
#080808#0808086.jpg,0
#080808#0000007.jpg,1
#000000#f8f8f83.jpg,31
#000000#f0f0f04.jpg,30
#000000#e8e8e84.jpg,29
#000000#e0e0e010.jpg,28
#000000#d8d8d810.jpg,27
#000000#d0d0d09.jpg,26
#000000#c8c8c89.jpg,25
#000000#c0c0c08.jpg,24
#000000#b8b8b84.jpg,23
#000000#b0b0b05.jpg,22
#000000#a8a8a83.jpg,21
#000000#a0a0a09.jpg,20
#000000#9898986.jpg,19
#000000#90909010.jpg,18
#000000#8888886.jpg,17
#000000#8080806.jpg,16
#000000#7878787.jpg,15
#000000#7070709.jpg,14
#000000#68686810.jpg,13
#000000#60606010.jpg,12
#000000#5858586.jpg,11
#000000#5050506.jpg,10
#000000#4848489.jpg,9
#000000#40404010.jpg,8
#000000#3838389.jpg,7
#000000#3030309.jpg,6
#000000#2828283.jpg,5
#000000#2020206.jpg,4
#000000#1818188.jpg,3
#000000#10101010.jpg,2
#000000#0808089.jpg,1
#000000#0000009.jpg,0
