#f8f8f8#f8f8f8.jpg,0
#f8f8f8#f0f0f0.jpg,1
#f8f8f8#e8e8e8.jpg,2
#f8f8f8#e0e0e0.jpg,3
#f8f8f8#d8d8d8.jpg,4
#f8f8f8#d0d0d0.jpg,5
#f8f8f8#c8c8c8.jpg,6
#f8f8f8#c0c0c0.jpg,7
#f8f8f8#b8b8b8.jpg,8
#f8f8f8#b0b0b0.jpg,9
#f8f8f8#a8a8a8.jpg,10
#f8f8f8#a0a0a0.jpg,11
#f8f8f8#989898.jpg,12
#f8f8f8#909090.jpg,13
#f8f8f8#888888.jpg,14
#f8f8f8#808080.jpg,15
#f8f8f8#787878.jpg,16
#f8f8f8#707070.jpg,17
#f8f8f8#686868.jpg,18
#f8f8f8#606060.jpg,19
#f8f8f8#585858.jpg,20
#f8f8f8#505050.jpg,21
#f8f8f8#484848.jpg,22
#f8f8f8#404040.jpg,23
#f8f8f8#383838.jpg,24
#f8f8f8#303030.jpg,25
#f8f8f8#282828.jpg,26
#f8f8f8#202020.jpg,27
#f8f8f8#181818.jpg,28
#f8f8f8#101010.jpg,29
#f8f8f8#080808.jpg,30
#f8f8f8#000000.jpg,31
#f0f0f0#f8f8f8.jpg,1
#f0f0f0#f0f0f0.jpg,0
#f0f0f0#e8e8e8.jpg,1
#f0f0f0#e0e0e0.jpg,2
#f0f0f0#d8d8d8.jpg,3
#f0f0f0#d0d0d0.jpg,4
#f0f0f0#c8c8c8.jpg,5
#f0f0f0#c0c0c0.jpg,6
#f0f0f0#b8b8b8.jpg,7
#f0f0f0#b0b0b0.jpg,8
#f0f0f0#a8a8a8.jpg,9
#f0f0f0#a0a0a0.jpg,10
#f0f0f0#989898.jpg,11
#f0f0f0#909090.jpg,12
#f0f0f0#888888.jpg,13
#f0f0f0#808080.jpg,14
#f0f0f0#787878.jpg,15
#f0f0f0#707070.jpg,16
#f0f0f0#686868.jpg,17
#f0f0f0#606060.jpg,18
#f0f0f0#585858.jpg,19
#f0f0f0#505050.jpg,20
#f0f0f0#484848.jpg,21
#f0f0f0#404040.jpg,22
#f0f0f0#383838.jpg,23
#f0f0f0#303030.jpg,24
#f0f0f0#282828.jpg,25
#f0f0f0#202020.jpg,26
#f0f0f0#181818.jpg,27
#f0f0f0#101010.jpg,28
#f0f0f0#080808.jpg,29
#f0f0f0#000000.jpg,30
#e8e8e8#f8f8f8.jpg,2
#e8e8e8#f0f0f0.jpg,1
#e8e8e8#e8e8e8.jpg,0
#e8e8e8#e0e0e0.jpg,1
#e8e8e8#d8d8d8.jpg,2
#e8e8e8#d0d0d0.jpg,3
#e8e8e8#c8c8c8.jpg,4
#e8e8e8#c0c0c0.jpg,5
#e8e8e8#b8b8b8.jpg,6
#e8e8e8#b0b0b0.jpg,7
#e8e8e8#a8a8a8.jpg,8
#e8e8e8#a0a0a0.jpg,9
#e8e8e8#989898.jpg,10
#e8e8e8#909090.jpg,11
#e8e8e8#888888.jpg,12
#e8e8e8#808080.jpg,13
#e8e8e8#787878.jpg,14
#e8e8e8#707070.jpg,15
#e8e8e8#686868.jpg,16
#e8e8e8#606060.jpg,17
#e8e8e8#585858.jpg,18
#e8e8e8#505050.jpg,19
#e8e8e8#484848.jpg,20
#e8e8e8#404040.jpg,21
#e8e8e8#383838.jpg,22
#e8e8e8#303030.jpg,23
#e8e8e8#282828.jpg,24
#e8e8e8#202020.jpg,25
#e8e8e8#181818.jpg,26
#e8e8e8#101010.jpg,27
#e8e8e8#080808.jpg,28
#e8e8e8#000000.jpg,29
#e0e0e0#f8f8f8.jpg,3
#e0e0e0#f0f0f0.jpg,2
#e0e0e0#e8e8e8.jpg,1
#e0e0e0#e0e0e0.jpg,0
#e0e0e0#d8d8d8.jpg,1
#e0e0e0#d0d0d0.jpg,2
#e0e0e0#c8c8c8.jpg,3
#e0e0e0#c0c0c0.jpg,4
#e0e0e0#b8b8b8.jpg,5
#e0e0e0#b0b0b0.jpg,6
#e0e0e0#a8a8a8.jpg,7
#e0e0e0#a0a0a0.jpg,8
#e0e0e0#989898.jpg,9
#e0e0e0#909090.jpg,10
#e0e0e0#888888.jpg,11
#e0e0e0#808080.jpg,12
#e0e0e0#787878.jpg,13
#e0e0e0#707070.jpg,14
#e0e0e0#686868.jpg,15
#e0e0e0#606060.jpg,16
#e0e0e0#585858.jpg,17
#e0e0e0#505050.jpg,18
#e0e0e0#484848.jpg,19
#e0e0e0#404040.jpg,20
#e0e0e0#383838.jpg,21
#e0e0e0#303030.jpg,22
#e0e0e0#282828.jpg,23
#e0e0e0#202020.jpg,24
#e0e0e0#181818.jpg,25
#e0e0e0#101010.jpg,26
#e0e0e0#080808.jpg,27
#e0e0e0#000000.jpg,28
#d8d8d8#f8f8f8.jpg,4
#d8d8d8#f0f0f0.jpg,3
#d8d8d8#e8e8e8.jpg,2
#d8d8d8#e0e0e0.jpg,1
#d8d8d8#d8d8d8.jpg,0
#d8d8d8#d0d0d0.jpg,1
#d8d8d8#c8c8c8.jpg,2
#d8d8d8#c0c0c0.jpg,3
#d8d8d8#b8b8b8.jpg,4
#d8d8d8#b0b0b0.jpg,5
#d8d8d8#a8a8a8.jpg,6
#d8d8d8#a0a0a0.jpg,7
#d8d8d8#989898.jpg,8
#d8d8d8#909090.jpg,9
#d8d8d8#888888.jpg,10
#d8d8d8#808080.jpg,11
#d8d8d8#787878.jpg,12
#d8d8d8#707070.jpg,13
#d8d8d8#686868.jpg,14
#d8d8d8#606060.jpg,15
#d8d8d8#585858.jpg,16
#d8d8d8#505050.jpg,17
#d8d8d8#484848.jpg,18
#d8d8d8#404040.jpg,19
#d8d8d8#383838.jpg,20
#d8d8d8#303030.jpg,21
#d8d8d8#282828.jpg,22
#d8d8d8#202020.jpg,23
#d8d8d8#181818.jpg,24
#d8d8d8#101010.jpg,25
#d8d8d8#080808.jpg,26
#d8d8d8#000000.jpg,27
#d0d0d0#f8f8f8.jpg,5
#d0d0d0#f0f0f0.jpg,4
#d0d0d0#e8e8e8.jpg,3
#d0d0d0#e0e0e0.jpg,2
#d0d0d0#d8d8d8.jpg,1
#d0d0d0#d0d0d0.jpg,0
#d0d0d0#c8c8c8.jpg,1
#d0d0d0#c0c0c0.jpg,2
#d0d0d0#b8b8b8.jpg,3
#d0d0d0#b0b0b0.jpg,4
#d0d0d0#a8a8a8.jpg,5
#d0d0d0#a0a0a0.jpg,6
#d0d0d0#989898.jpg,7
#d0d0d0#909090.jpg,8
#d0d0d0#888888.jpg,9
#d0d0d0#808080.jpg,10
#d0d0d0#787878.jpg,11
#d0d0d0#707070.jpg,12
#d0d0d0#686868.jpg,13
#d0d0d0#606060.jpg,14
#d0d0d0#585858.jpg,15
#d0d0d0#505050.jpg,16
#d0d0d0#484848.jpg,17
#d0d0d0#404040.jpg,18
#d0d0d0#383838.jpg,19
#d0d0d0#303030.jpg,20
#d0d0d0#282828.jpg,21
#d0d0d0#202020.jpg,22
#d0d0d0#181818.jpg,23
#d0d0d0#101010.jpg,24
#d0d0d0#080808.jpg,25
#d0d0d0#000000.jpg,26
#c8c8c8#f8f8f8.jpg,6
#c8c8c8#f0f0f0.jpg,5
#c8c8c8#e8e8e8.jpg,4
#c8c8c8#e0e0e0.jpg,3
#c8c8c8#d8d8d8.jpg,2
#c8c8c8#d0d0d0.jpg,1
#c8c8c8#c8c8c8.jpg,0
#c8c8c8#c0c0c0.jpg,1
#c8c8c8#b8b8b8.jpg,2
#c8c8c8#b0b0b0.jpg,3
#c8c8c8#a8a8a8.jpg,4
#c8c8c8#a0a0a0.jpg,5
#c8c8c8#989898.jpg,6
#c8c8c8#909090.jpg,7
#c8c8c8#888888.jpg,8
#c8c8c8#808080.jpg,9
#c8c8c8#787878.jpg,10
#c8c8c8#707070.jpg,11
#c8c8c8#686868.jpg,12
#c8c8c8#606060.jpg,13
#c8c8c8#585858.jpg,14
#c8c8c8#505050.jpg,15
#c8c8c8#484848.jpg,16
#c8c8c8#404040.jpg,17
#c8c8c8#383838.jpg,18
#c8c8c8#303030.jpg,19
#c8c8c8#282828.jpg,20
#c8c8c8#202020.jpg,21
#c8c8c8#181818.jpg,22
#c8c8c8#101010.jpg,23
#c8c8c8#080808.jpg,24
#c8c8c8#000000.jpg,25
#c0c0c0#f8f8f8.jpg,7
#c0c0c0#f0f0f0.jpg,6
#c0c0c0#e8e8e8.jpg,5
#c0c0c0#e0e0e0.jpg,4
#c0c0c0#d8d8d8.jpg,3
#c0c0c0#d0d0d0.jpg,2
#c0c0c0#c8c8c8.jpg,1
#c0c0c0#c0c0c0.jpg,0
#c0c0c0#b8b8b8.jpg,1
#c0c0c0#b0b0b0.jpg,2
#c0c0c0#a8a8a8.jpg,3
#c0c0c0#a0a0a0.jpg,4
#c0c0c0#989898.jpg,5
#c0c0c0#909090.jpg,6
#c0c0c0#888888.jpg,7
#c0c0c0#808080.jpg,8
#c0c0c0#787878.jpg,9
#c0c0c0#707070.jpg,10
#c0c0c0#686868.jpg,11
#c0c0c0#606060.jpg,12
#c0c0c0#585858.jpg,13
#c0c0c0#505050.jpg,14
#c0c0c0#484848.jpg,15
#c0c0c0#404040.jpg,16
#c0c0c0#383838.jpg,17
#c0c0c0#303030.jpg,18
#c0c0c0#282828.jpg,19
#c0c0c0#202020.jpg,20
#c0c0c0#181818.jpg,21
#c0c0c0#101010.jpg,22
#c0c0c0#080808.jpg,23
#c0c0c0#000000.jpg,24
#b8b8b8#f8f8f8.jpg,8
#b8b8b8#f0f0f0.jpg,7
#b8b8b8#e8e8e8.jpg,6
#b8b8b8#e0e0e0.jpg,5
#b8b8b8#d8d8d8.jpg,4
#b8b8b8#d0d0d0.jpg,3
#b8b8b8#c8c8c8.jpg,2
#b8b8b8#c0c0c0.jpg,1
#b8b8b8#b8b8b8.jpg,0
#b8b8b8#b0b0b0.jpg,1
#b8b8b8#a8a8a8.jpg,2
#b8b8b8#a0a0a0.jpg,3
#b8b8b8#989898.jpg,4
#b8b8b8#909090.jpg,5
#b8b8b8#888888.jpg,6
#b8b8b8#808080.jpg,7
#b8b8b8#787878.jpg,8
#b8b8b8#707070.jpg,9
#b8b8b8#686868.jpg,10
#b8b8b8#606060.jpg,11
#b8b8b8#585858.jpg,12
#b8b8b8#505050.jpg,13
#b8b8b8#484848.jpg,14
#b8b8b8#404040.jpg,15
#b8b8b8#383838.jpg,16
#b8b8b8#303030.jpg,17
#b8b8b8#282828.jpg,18
#b8b8b8#202020.jpg,19
#b8b8b8#181818.jpg,20
#b8b8b8#101010.jpg,21
#b8b8b8#080808.jpg,22
#b8b8b8#000000.jpg,23
#b0b0b0#f8f8f8.jpg,9
#b0b0b0#f0f0f0.jpg,8
#b0b0b0#e8e8e8.jpg,7
#b0b0b0#e0e0e0.jpg,6
#b0b0b0#d8d8d8.jpg,5
#b0b0b0#d0d0d0.jpg,4
#b0b0b0#c8c8c8.jpg,3
#b0b0b0#c0c0c0.jpg,2
#b0b0b0#b8b8b8.jpg,1
#b0b0b0#b0b0b0.jpg,0
#b0b0b0#a8a8a8.jpg,1
#b0b0b0#a0a0a0.jpg,2
#b0b0b0#989898.jpg,3
#b0b0b0#909090.jpg,4
#b0b0b0#888888.jpg,5
#b0b0b0#808080.jpg,6
#b0b0b0#787878.jpg,7
#b0b0b0#707070.jpg,8
#b0b0b0#686868.jpg,9
#b0b0b0#606060.jpg,10
#b0b0b0#585858.jpg,11
#b0b0b0#505050.jpg,12
#b0b0b0#484848.jpg,13
#b0b0b0#404040.jpg,14
#b0b0b0#383838.jpg,15
#b0b0b0#303030.jpg,16
#b0b0b0#282828.jpg,17
#b0b0b0#202020.jpg,18
#b0b0b0#181818.jpg,19
#b0b0b0#101010.jpg,20
#b0b0b0#080808.jpg,21
#b0b0b0#000000.jpg,22
#a8a8a8#f8f8f8.jpg,10
#a8a8a8#f0f0f0.jpg,9
#a8a8a8#e8e8e8.jpg,8
#a8a8a8#e0e0e0.jpg,7
#a8a8a8#d8d8d8.jpg,6
#a8a8a8#d0d0d0.jpg,5
#a8a8a8#c8c8c8.jpg,4
#a8a8a8#c0c0c0.jpg,3
#a8a8a8#b8b8b8.jpg,2
#a8a8a8#b0b0b0.jpg,1
#a8a8a8#a8a8a8.jpg,0
#a8a8a8#a0a0a0.jpg,1
#a8a8a8#989898.jpg,2
#a8a8a8#909090.jpg,3
#a8a8a8#888888.jpg,4
#a8a8a8#808080.jpg,5
#a8a8a8#787878.jpg,6
#a8a8a8#707070.jpg,7
#a8a8a8#686868.jpg,8
#a8a8a8#606060.jpg,9
#a8a8a8#585858.jpg,10
#a8a8a8#505050.jpg,11
#a8a8a8#484848.jpg,12
#a8a8a8#404040.jpg,13
#a8a8a8#383838.jpg,14
#a8a8a8#303030.jpg,15
#a8a8a8#282828.jpg,16
#a8a8a8#202020.jpg,17
#a8a8a8#181818.jpg,18
#a8a8a8#101010.jpg,19
#a8a8a8#080808.jpg,20
#a8a8a8#000000.jpg,21
#a0a0a0#f8f8f8.jpg,11
#a0a0a0#f0f0f0.jpg,10
#a0a0a0#e8e8e8.jpg,9
#a0a0a0#e0e0e0.jpg,8
#a0a0a0#d8d8d8.jpg,7
#a0a0a0#d0d0d0.jpg,6
#a0a0a0#c8c8c8.jpg,5
#a0a0a0#c0c0c0.jpg,4
#a0a0a0#b8b8b8.jpg,3
#a0a0a0#b0b0b0.jpg,2
#a0a0a0#a8a8a8.jpg,1
#a0a0a0#a0a0a0.jpg,0
#a0a0a0#989898.jpg,1
#a0a0a0#909090.jpg,2
#a0a0a0#888888.jpg,3
#a0a0a0#808080.jpg,4
#a0a0a0#787878.jpg,5
#a0a0a0#707070.jpg,6
#a0a0a0#686868.jpg,7
#a0a0a0#606060.jpg,8
#a0a0a0#585858.jpg,9
#a0a0a0#505050.jpg,10
#a0a0a0#484848.jpg,11
#a0a0a0#404040.jpg,12
#a0a0a0#383838.jpg,13
#a0a0a0#303030.jpg,14
#a0a0a0#282828.jpg,15
#a0a0a0#202020.jpg,16
#a0a0a0#181818.jpg,17
#a0a0a0#101010.jpg,18
#a0a0a0#080808.jpg,19
#a0a0a0#000000.jpg,20
#989898#f8f8f8.jpg,12
#989898#f0f0f0.jpg,11
#989898#e8e8e8.jpg,10
#989898#e0e0e0.jpg,9
#989898#d8d8d8.jpg,8
#989898#d0d0d0.jpg,7
#989898#c8c8c8.jpg,6
#989898#c0c0c0.jpg,5
#989898#b8b8b8.jpg,4
#989898#b0b0b0.jpg,3
#989898#a8a8a8.jpg,2
#989898#a0a0a0.jpg,1
#989898#989898.jpg,0
#989898#909090.jpg,1
#989898#888888.jpg,2
#989898#808080.jpg,3
#989898#787878.jpg,4
#989898#707070.jpg,5
#989898#686868.jpg,6
#989898#606060.jpg,7
#989898#585858.jpg,8
#989898#505050.jpg,9
#989898#484848.jpg,10
#989898#404040.jpg,11
#989898#383838.jpg,12
#989898#303030.jpg,13
#989898#282828.jpg,14
#989898#202020.jpg,15
#989898#181818.jpg,16
#989898#101010.jpg,17
#989898#080808.jpg,18
#989898#000000.jpg,19
#909090#f8f8f8.jpg,13
#909090#f0f0f0.jpg,12
#909090#e8e8e8.jpg,11
#909090#e0e0e0.jpg,10
#909090#d8d8d8.jpg,9
#909090#d0d0d0.jpg,8
#909090#c8c8c8.jpg,7
#909090#c0c0c0.jpg,6
#909090#b8b8b8.jpg,5
#909090#b0b0b0.jpg,4
#909090#a8a8a8.jpg,3
#909090#a0a0a0.jpg,2
#909090#989898.jpg,1
#909090#909090.jpg,0
#909090#888888.jpg,1
#909090#808080.jpg,2
#909090#787878.jpg,3
#909090#707070.jpg,4
#909090#686868.jpg,5
#909090#606060.jpg,6
#909090#585858.jpg,7
#909090#505050.jpg,8
#909090#484848.jpg,9
#909090#404040.jpg,10
#909090#383838.jpg,11
#909090#303030.jpg,12
#909090#282828.jpg,13
#909090#202020.jpg,14
#909090#181818.jpg,15
#909090#101010.jpg,16
#909090#080808.jpg,17
#909090#000000.jpg,18
#888888#f8f8f8.jpg,14
#888888#f0f0f0.jpg,13
#888888#e8e8e8.jpg,12
#888888#e0e0e0.jpg,11
#888888#d8d8d8.jpg,10
#888888#d0d0d0.jpg,9
#888888#c8c8c8.jpg,8
#888888#c0c0c0.jpg,7
#888888#b8b8b8.jpg,6
#888888#b0b0b0.jpg,5
#888888#a8a8a8.jpg,4
#888888#a0a0a0.jpg,3
#888888#989898.jpg,2
#888888#909090.jpg,1
#888888#888888.jpg,0
#888888#808080.jpg,1
#888888#787878.jpg,2
#888888#707070.jpg,3
#888888#686868.jpg,4
#888888#606060.jpg,5
#888888#585858.jpg,6
#888888#505050.jpg,7
#888888#484848.jpg,8
#888888#404040.jpg,9
#888888#383838.jpg,10
#888888#303030.jpg,11
#888888#282828.jpg,12
#888888#202020.jpg,13
#888888#181818.jpg,14
#888888#101010.jpg,15
#888888#080808.jpg,16
#888888#000000.jpg,17
#808080#f8f8f8.jpg,15
#808080#f0f0f0.jpg,14
#808080#e8e8e8.jpg,13
#808080#e0e0e0.jpg,12
#808080#d8d8d8.jpg,11
#808080#d0d0d0.jpg,10
#808080#c8c8c8.jpg,9
#808080#c0c0c0.jpg,8
#808080#b8b8b8.jpg,7
#808080#b0b0b0.jpg,6
#808080#a8a8a8.jpg,5
#808080#a0a0a0.jpg,4
#808080#989898.jpg,3
#808080#909090.jpg,2
#808080#888888.jpg,1
#808080#808080.jpg,0
#808080#787878.jpg,1
#808080#707070.jpg,2
#808080#686868.jpg,3
#808080#606060.jpg,4
#808080#585858.jpg,5
#808080#505050.jpg,6
#808080#484848.jpg,7
#808080#404040.jpg,8
#808080#383838.jpg,9
#808080#303030.jpg,10
#808080#282828.jpg,11
#808080#202020.jpg,12
#808080#181818.jpg,13
#808080#101010.jpg,14
#808080#080808.jpg,15
#808080#000000.jpg,16
#787878#f8f8f8.jpg,16
#787878#f0f0f0.jpg,15
#787878#e8e8e8.jpg,14
#787878#e0e0e0.jpg,13
#787878#d8d8d8.jpg,12
#787878#d0d0d0.jpg,11
#787878#c8c8c8.jpg,10
#787878#c0c0c0.jpg,9
#787878#b8b8b8.jpg,8
#787878#b0b0b0.jpg,7
#787878#a8a8a8.jpg,6
#787878#a0a0a0.jpg,5
#787878#989898.jpg,4
#787878#909090.jpg,3
#787878#888888.jpg,2
#787878#808080.jpg,1
#787878#787878.jpg,0
#787878#707070.jpg,1
#787878#686868.jpg,2
#787878#606060.jpg,3
#787878#585858.jpg,4
#787878#505050.jpg,5
#787878#484848.jpg,6
#787878#404040.jpg,7
#787878#383838.jpg,8
#787878#303030.jpg,9
#787878#282828.jpg,10
#787878#202020.jpg,11
#787878#181818.jpg,12
#787878#101010.jpg,13
#787878#080808.jpg,14
#787878#000000.jpg,15
#707070#f8f8f8.jpg,17
#707070#f0f0f0.jpg,16
#707070#e8e8e8.jpg,15
#707070#e0e0e0.jpg,14
#707070#d8d8d8.jpg,13
#707070#d0d0d0.jpg,12
#707070#c8c8c8.jpg,11
#707070#c0c0c0.jpg,10
#707070#b8b8b8.jpg,9
#707070#b0b0b0.jpg,8
#707070#a8a8a8.jpg,7
#707070#a0a0a0.jpg,6
#707070#989898.jpg,5
#707070#909090.jpg,4
#707070#888888.jpg,3
#707070#808080.jpg,2
#707070#787878.jpg,1
#707070#707070.jpg,0
#707070#686868.jpg,1
#707070#606060.jpg,2
#707070#585858.jpg,3
#707070#505050.jpg,4
#707070#484848.jpg,5
#707070#404040.jpg,6
#707070#383838.jpg,7
#707070#303030.jpg,8
#707070#282828.jpg,9
#707070#202020.jpg,10
#707070#181818.jpg,11
#707070#101010.jpg,12
#707070#080808.jpg,13
#707070#000000.jpg,14
#686868#f8f8f8.jpg,18
#686868#f0f0f0.jpg,17
#686868#e8e8e8.jpg,16
#686868#e0e0e0.jpg,15
#686868#d8d8d8.jpg,14
#686868#d0d0d0.jpg,13
#686868#c8c8c8.jpg,12
#686868#c0c0c0.jpg,11
#686868#b8b8b8.jpg,10
#686868#b0b0b0.jpg,9
#686868#a8a8a8.jpg,8
#686868#a0a0a0.jpg,7
#686868#989898.jpg,6
#686868#909090.jpg,5
#686868#888888.jpg,4
#686868#808080.jpg,3
#686868#787878.jpg,2
#686868#707070.jpg,1
#686868#686868.jpg,0
#686868#606060.jpg,1
#686868#585858.jpg,2
#686868#505050.jpg,3
#686868#484848.jpg,4
#686868#404040.jpg,5
#686868#383838.jpg,6
#686868#303030.jpg,7
#686868#282828.jpg,8
#686868#202020.jpg,9
#686868#181818.jpg,10
#686868#101010.jpg,11
#686868#080808.jpg,12
#686868#000000.jpg,13
#606060#f8f8f8.jpg,19
#606060#f0f0f0.jpg,18
#606060#e8e8e8.jpg,17
#606060#e0e0e0.jpg,16
#606060#d8d8d8.jpg,15
#606060#d0d0d0.jpg,14
#606060#c8c8c8.jpg,13
#606060#c0c0c0.jpg,12
#606060#b8b8b8.jpg,11
#606060#b0b0b0.jpg,10
#606060#a8a8a8.jpg,9
#606060#a0a0a0.jpg,8
#606060#989898.jpg,7
#606060#909090.jpg,6
#606060#888888.jpg,5
#606060#808080.jpg,4
#606060#787878.jpg,3
#606060#707070.jpg,2
#606060#686868.jpg,1
#606060#606060.jpg,0
#606060#585858.jpg,1
#606060#505050.jpg,2
#606060#484848.jpg,3
#606060#404040.jpg,4
#606060#383838.jpg,5
#606060#303030.jpg,6
#606060#282828.jpg,7
#606060#202020.jpg,8
#606060#181818.jpg,9
#606060#101010.jpg,10
#606060#080808.jpg,11
#606060#000000.jpg,12
#585858#f8f8f8.jpg,20
#585858#f0f0f0.jpg,19
#585858#e8e8e8.jpg,18
#585858#e0e0e0.jpg,17
#585858#d8d8d8.jpg,16
#585858#d0d0d0.jpg,15
#585858#c8c8c8.jpg,14
#585858#c0c0c0.jpg,13
#585858#b8b8b8.jpg,12
#585858#b0b0b0.jpg,11
#585858#a8a8a8.jpg,10
#585858#a0a0a0.jpg,9
#585858#989898.jpg,8
#585858#909090.jpg,7
#585858#888888.jpg,6
#585858#808080.jpg,5
#585858#787878.jpg,4
#585858#707070.jpg,3
#585858#686868.jpg,2
#585858#606060.jpg,1
#585858#585858.jpg,0
#585858#505050.jpg,1
#585858#484848.jpg,2
#585858#404040.jpg,3
#585858#383838.jpg,4
#585858#303030.jpg,5
#585858#282828.jpg,6
#585858#202020.jpg,7
#585858#181818.jpg,8
#585858#101010.jpg,9
#585858#080808.jpg,10
#585858#000000.jpg,11
#505050#f8f8f8.jpg,21
#505050#f0f0f0.jpg,20
#505050#e8e8e8.jpg,19
#505050#e0e0e0.jpg,18
#505050#d8d8d8.jpg,17
#505050#d0d0d0.jpg,16
#505050#c8c8c8.jpg,15
#505050#c0c0c0.jpg,14
#505050#b8b8b8.jpg,13
#505050#b0b0b0.jpg,12
#505050#a8a8a8.jpg,11
#505050#a0a0a0.jpg,10
#505050#989898.jpg,9
#505050#909090.jpg,8
#505050#888888.jpg,7
#505050#808080.jpg,6
#505050#787878.jpg,5
#505050#707070.jpg,4
#505050#686868.jpg,3
#505050#606060.jpg,2
#505050#585858.jpg,1
#505050#505050.jpg,0
#505050#484848.jpg,1
#505050#404040.jpg,2
#505050#383838.jpg,3
#505050#303030.jpg,4
#505050#282828.jpg,5
#505050#202020.jpg,6
#505050#181818.jpg,7
#505050#101010.jpg,8
#505050#080808.jpg,9
#505050#000000.jpg,10
#484848#f8f8f8.jpg,22
#484848#f0f0f0.jpg,21
#484848#e8e8e8.jpg,20
#484848#e0e0e0.jpg,19
#484848#d8d8d8.jpg,18
#484848#d0d0d0.jpg,17
#484848#c8c8c8.jpg,16
#484848#c0c0c0.jpg,15
#484848#b8b8b8.jpg,14
#484848#b0b0b0.jpg,13
#484848#a8a8a8.jpg,12
#484848#a0a0a0.jpg,11
#484848#989898.jpg,10
#484848#909090.jpg,9
#484848#888888.jpg,8
#484848#808080.jpg,7
#484848#787878.jpg,6
#484848#707070.jpg,5
#484848#686868.jpg,4
#484848#606060.jpg,3
#484848#585858.jpg,2
#484848#505050.jpg,1
#484848#484848.jpg,0
#484848#404040.jpg,1
#484848#383838.jpg,2
#484848#303030.jpg,3
#484848#282828.jpg,4
#484848#202020.jpg,5
#484848#181818.jpg,6
#484848#101010.jpg,7
#484848#080808.jpg,8
#484848#000000.jpg,9
#404040#f8f8f8.jpg,23
#404040#f0f0f0.jpg,22
#404040#e8e8e8.jpg,21
#404040#e0e0e0.jpg,20
#404040#d8d8d8.jpg,19
#404040#d0d0d0.jpg,18
#404040#c8c8c8.jpg,17
#404040#c0c0c0.jpg,16
#404040#b8b8b8.jpg,15
#404040#b0b0b0.jpg,14
#404040#a8a8a8.jpg,13
#404040#a0a0a0.jpg,12
#404040#989898.jpg,11
#404040#909090.jpg,10
#404040#888888.jpg,9
#404040#808080.jpg,8
#404040#787878.jpg,7
#404040#707070.jpg,6
#404040#686868.jpg,5
#404040#606060.jpg,4
#404040#585858.jpg,3
#404040#505050.jpg,2
#404040#484848.jpg,1
#404040#404040.jpg,0
#404040#383838.jpg,1
#404040#303030.jpg,2
#404040#282828.jpg,3
#404040#202020.jpg,4
#404040#181818.jpg,5
#404040#101010.jpg,6
#404040#080808.jpg,7
#404040#000000.jpg,8
#383838#f8f8f8.jpg,24
#383838#f0f0f0.jpg,23
#383838#e8e8e8.jpg,22
#383838#e0e0e0.jpg,21
#383838#d8d8d8.jpg,20
#383838#d0d0d0.jpg,19
#383838#c8c8c8.jpg,18
#383838#c0c0c0.jpg,17
#383838#b8b8b8.jpg,16
#383838#b0b0b0.jpg,15
#383838#a8a8a8.jpg,14
#383838#a0a0a0.jpg,13
#383838#989898.jpg,12
#383838#909090.jpg,11
#383838#888888.jpg,10
#383838#808080.jpg,9
#383838#787878.jpg,8
#383838#707070.jpg,7
#383838#686868.jpg,6
#383838#606060.jpg,5
#383838#585858.jpg,4
#383838#505050.jpg,3
#383838#484848.jpg,2
#383838#404040.jpg,1
#383838#383838.jpg,0
#383838#303030.jpg,1
#383838#282828.jpg,2
#383838#202020.jpg,3
#383838#181818.jpg,4
#383838#101010.jpg,5
#383838#080808.jpg,6
#383838#000000.jpg,7
#303030#f8f8f8.jpg,25
#303030#f0f0f0.jpg,24
#303030#e8e8e8.jpg,23
#303030#e0e0e0.jpg,22
#303030#d8d8d8.jpg,21
#303030#d0d0d0.jpg,20
#303030#c8c8c8.jpg,19
#303030#c0c0c0.jpg,18
#303030#b8b8b8.jpg,17
#303030#b0b0b0.jpg,16
#303030#a8a8a8.jpg,15
#303030#a0a0a0.jpg,14
#303030#989898.jpg,13
#303030#909090.jpg,12
#303030#888888.jpg,11
#303030#808080.jpg,10
#303030#787878.jpg,9
#303030#707070.jpg,8
#303030#686868.jpg,7
#303030#606060.jpg,6
#303030#585858.jpg,5
#303030#505050.jpg,4
#303030#484848.jpg,3
#303030#404040.jpg,2
#303030#383838.jpg,1
#303030#303030.jpg,0
#303030#282828.jpg,1
#303030#202020.jpg,2
#303030#181818.jpg,3
#303030#101010.jpg,4
#303030#080808.jpg,5
#303030#000000.jpg,6
#282828#f8f8f8.jpg,26
#282828#f0f0f0.jpg,25
#282828#e8e8e8.jpg,24
#282828#e0e0e0.jpg,23
#282828#d8d8d8.jpg,22
#282828#d0d0d0.jpg,21
#282828#c8c8c8.jpg,20
#282828#c0c0c0.jpg,19
#282828#b8b8b8.jpg,18
#282828#b0b0b0.jpg,17
#282828#a8a8a8.jpg,16
#282828#a0a0a0.jpg,15
#282828#989898.jpg,14
#282828#909090.jpg,13
#282828#888888.jpg,12
#282828#808080.jpg,11
#282828#787878.jpg,10
#282828#707070.jpg,9
#282828#686868.jpg,8
#282828#606060.jpg,7
#282828#585858.jpg,6
#282828#505050.jpg,5
#282828#484848.jpg,4
#282828#404040.jpg,3
#282828#383838.jpg,2
#282828#303030.jpg,1
#282828#282828.jpg,0
#282828#202020.jpg,1
#282828#181818.jpg,2
#282828#101010.jpg,3
#282828#080808.jpg,4
#282828#000000.jpg,5
#202020#f8f8f8.jpg,27
#202020#f0f0f0.jpg,26
#202020#e8e8e8.jpg,25
#202020#e0e0e0.jpg,24
#202020#d8d8d8.jpg,23
#202020#d0d0d0.jpg,22
#202020#c8c8c8.jpg,21
#202020#c0c0c0.jpg,20
#202020#b8b8b8.jpg,19
#202020#b0b0b0.jpg,18
#202020#a8a8a8.jpg,17
#202020#a0a0a0.jpg,16
#202020#989898.jpg,15
#202020#909090.jpg,14
#202020#888888.jpg,13
#202020#808080.jpg,12
#202020#787878.jpg,11
#202020#707070.jpg,10
#202020#686868.jpg,9
#202020#606060.jpg,8
#202020#585858.jpg,7
#202020#505050.jpg,6
#202020#484848.jpg,5
#202020#404040.jpg,4
#202020#383838.jpg,3
#202020#303030.jpg,2
#202020#282828.jpg,1
#202020#202020.jpg,0
#202020#181818.jpg,1
#202020#101010.jpg,2
#202020#080808.jpg,3
#202020#000000.jpg,4
#181818#f8f8f8.jpg,28
#181818#f0f0f0.jpg,27
#181818#e8e8e8.jpg,26
#181818#e0e0e0.jpg,25
#181818#d8d8d8.jpg,24
#181818#d0d0d0.jpg,23
#181818#c8c8c8.jpg,22
#181818#c0c0c0.jpg,21
#181818#b8b8b8.jpg,20
#181818#b0b0b0.jpg,19
#181818#a8a8a8.jpg,18
#181818#a0a0a0.jpg,17
#181818#989898.jpg,16
#181818#909090.jpg,15
#181818#888888.jpg,14
#181818#808080.jpg,13
#181818#787878.jpg,12
#181818#707070.jpg,11
#181818#686868.jpg,10
#181818#606060.jpg,9
#181818#585858.jpg,8
#181818#505050.jpg,7
#181818#484848.jpg,6
#181818#404040.jpg,5
#181818#383838.jpg,4
#181818#303030.jpg,3
#181818#282828.jpg,2
#181818#202020.jpg,1
#181818#181818.jpg,0
#181818#101010.jpg,1
#181818#080808.jpg,2
#181818#000000.jpg,3
#101010#f8f8f8.jpg,29
#101010#f0f0f0.jpg,28
#101010#e8e8e8.jpg,27
#101010#e0e0e0.jpg,26
#101010#d8d8d8.jpg,25
#101010#d0d0d0.jpg,24
#101010#c8c8c8.jpg,23
#101010#c0c0c0.jpg,22
#101010#b8b8b8.jpg,21
#101010#b0b0b0.jpg,20
#101010#a8a8a8.jpg,19
#101010#a0a0a0.jpg,18
#101010#989898.jpg,17
#101010#909090.jpg,16
#101010#888888.jpg,15
#101010#808080.jpg,14
#101010#787878.jpg,13
#101010#707070.jpg,12
#101010#686868.jpg,11
#101010#606060.jpg,10
#101010#585858.jpg,9
#101010#505050.jpg,8
#101010#484848.jpg,7
#101010#404040.jpg,6
#101010#383838.jpg,5
#101010#303030.jpg,4
#101010#282828.jpg,3
#101010#202020.jpg,2
#101010#181818.jpg,1
#101010#101010.jpg,0
#101010#080808.jpg,1
#101010#000000.jpg,2
#080808#f8f8f8.jpg,30
#080808#f0f0f0.jpg,29
#080808#e8e8e8.jpg,28
#080808#e0e0e0.jpg,27
#080808#d8d8d8.jpg,26
#080808#d0d0d0.jpg,25
#080808#c8c8c8.jpg,24
#080808#c0c0c0.jpg,23
#080808#b8b8b8.jpg,22
#080808#b0b0b0.jpg,21
#080808#a8a8a8.jpg,20
#080808#a0a0a0.jpg,19
#080808#989898.jpg,18
#080808#909090.jpg,17
#080808#888888.jpg,16
#080808#808080.jpg,15
#080808#787878.jpg,14
#080808#707070.jpg,13
#080808#686868.jpg,12
#080808#606060.jpg,11
#080808#585858.jpg,10
#080808#505050.jpg,9
#080808#484848.jpg,8
#080808#404040.jpg,7
#080808#383838.jpg,6
#080808#303030.jpg,5
#080808#282828.jpg,4
#080808#202020.jpg,3
#080808#181818.jpg,2
#080808#101010.jpg,1
#080808#080808.jpg,0
#080808#000000.jpg,1
#000000#f8f8f8.jpg,31
#000000#f0f0f0.jpg,30
#000000#e8e8e8.jpg,29
#000000#e0e0e0.jpg,28
#000000#d8d8d8.jpg,27
#000000#d0d0d0.jpg,26
#000000#c8c8c8.jpg,25
#000000#c0c0c0.jpg,24
#000000#b8b8b8.jpg,23
#000000#b0b0b0.jpg,22
#000000#a8a8a8.jpg,21
#000000#a0a0a0.jpg,20
#000000#989898.jpg,19
#000000#909090.jpg,18
#000000#888888.jpg,17
#000000#808080.jpg,16
#000000#787878.jpg,15
#000000#707070.jpg,14
#000000#686868.jpg,13
#000000#606060.jpg,12
#000000#585858.jpg,11
#000000#505050.jpg,10
#000000#484848.jpg,9
#000000#404040.jpg,8
#000000#383838.jpg,7
#000000#303030.jpg,6
#000000#282828.jpg,5
#000000#202020.jpg,4
#000000#181818.jpg,3
#000000#101010.jpg,2
#000000#080808.jpg,1
#000000#000000.jpg,0